{"cameraMode":{"drawMode":0,"name":"Shaded","section":"Shading Mode"},"sceneLighting":true,"audioPlay":false,"sceneViewState":{"m_AlwaysRefresh":false,"showFog":true,"showSkybox":true,"showFlares":true,"showImageEffects":true,"showParticleSystems":true,"showVisualEffectGraphs":true,"m_FxEnabled":true},"in2DMode":false,"pivot":{"x":2.398691415786743,"y":1.2158442735671998,"z":-1.805835485458374},"rotation":{"x":0.2415781170129776,"y":-0.07850442081689835,"z":0.019612634554505349,"w":0.9670084118843079},"size":1.2247449159622193,"orthographic":false}